B28003_001E,B28003_002E,B28003_003E,B28003_004E,B28003_005E,B28003_006E,name,county,state,tract
1180.0,1129.0,11.0,984.0,134.0,51.0,"Census Tract 308.05, Crittenden County, Arkansas",035,05,030805
1222.0,1116.0,0.0,1049.0,67.0,106.0,"Census Tract 308.04, Crittenden County, Arkansas",035,05,030804
1112.0,1003.0,0.0,907.0,96.0,109.0,"Census Tract 308.06, Crittenden County, Arkansas",035,05,030806
406.0,304.0,0.0,236.0,68.0,102.0,"Census Tract 307.01, Crittenden County, Arkansas",035,05,030701
371.0,269.0,0.0,249.0,20.0,102.0,"Census Tract 307.02, Crittenden County, Arkansas",035,05,030702
695.0,651.0,9.0,593.0,49.0,44.0,"Census Tract 308.03, Crittenden County, Arkansas",035,05,030803
1038.0,660.0,12.0,558.0,90.0,378.0,"Census Tract 4802, Hempstead County, Arkansas",057,05,480200
1596.0,1258.0,49.0,968.0,241.0,338.0,"Census Tract 4804, Hempstead County, Arkansas",057,05,480400
1687.0,1448.0,9.0,723.0,716.0,239.0,"Census Tract 211.01, Benton County, Arkansas",007,05,021101
1214.0,1009.0,10.0,648.0,351.0,205.0,"Census Tract 211.02, Benton County, Arkansas",007,05,021102
2581.0,2465.0,0.0,1685.0,780.0,116.0,"Census Tract 213.04, Benton County, Arkansas",007,05,021304
2043.0,1940.0,36.0,1648.0,256.0,103.0,"Census Tract 208.01, Benton County, Arkansas",007,05,020801
1554.0,1325.0,32.0,986.0,307.0,229.0,"Census Tract 307.02, Faulkner County, Arkansas",045,05,030702
4328.0,3996.0,0.0,3879.0,117.0,332.0,"Census Tract 305.01, Faulkner County, Arkansas",045,05,030501
1999.0,1809.0,0.0,1604.0,205.0,190.0,"Census Tract 305.02, Faulkner County, Arkansas",045,05,030502
2141.0,1939.0,17.0,1726.0,196.0,202.0,"Census Tract 704.01, White County, Arkansas",145,05,070401
1580.0,1216.0,0.0,1059.0,157.0,364.0,"Census Tract 707, White County, Arkansas",145,05,070700
1634.0,1472.0,0.0,1398.0,74.0,162.0,"Census Tract 704.02, White County, Arkansas",145,05,070402
1743.0,1475.0,5.0,1134.0,336.0,268.0,"Census Tract 708, White County, Arkansas",145,05,070800
3206.0,2844.0,13.0,2314.0,517.0,362.0,"Census Tract 709, White County, Arkansas",145,05,070900
2475.0,2066.0,8.0,1672.0,386.0,409.0,"Census Tract 711, White County, Arkansas",145,05,071100
1809.0,1353.0,2.0,1076.0,275.0,456.0,"Census Tract 4702, Lawrence County, Arkansas",075,05,470200
583.0,460.0,4.0,345.0,111.0,123.0,"Census Tract 9502.01, Stone County, Arkansas",137,05,950201
788.0,452.0,8.0,357.0,87.0,336.0,"Census Tract 4806, Phillips County, Arkansas",107,05,480600
609.0,453.0,9.0,381.0,63.0,156.0,"Census Tract 4704, Lawrence County, Arkansas",075,05,470400
1570.0,1388.0,0.0,1374.0,14.0,182.0,"Census Tract 37.13, Pulaski County, Arkansas",119,05,003713
1628.0,1483.0,12.0,1360.0,111.0,145.0,"Census Tract 37.12, Pulaski County, Arkansas",119,05,003712
1700.0,1343.0,0.0,1049.0,294.0,357.0,"Census Tract 32.08, Pulaski County, Arkansas",119,05,003208
1920.0,1677.0,0.0,1547.0,130.0,243.0,"Census Tract 37.11, Pulaski County, Arkansas",119,05,003711
2256.0,1561.0,0.0,1266.0,295.0,695.0,"Census Tract 4802, Phillips County, Arkansas",107,05,480200
910.0,491.0,0.0,357.0,134.0,419.0,"Census Tract 4805, Phillips County, Arkansas",107,05,480500
624.0,383.0,0.0,282.0,101.0,241.0,"Census Tract 4804, Phillips County, Arkansas",107,05,480400
2118.0,1621.0,9.0,1308.0,304.0,497.0,"Census Tract 4803, Phillips County, Arkansas",107,05,480300
1127.0,866.0,5.0,738.0,123.0,261.0,"Census Tract 4801, Phillips County, Arkansas",107,05,480100
1661.0,1246.0,0.0,1124.0,122.0,415.0,"Census Tract 4904, Poinsett County, Arkansas",111,05,490400
1336.0,872.0,17.0,717.0,138.0,464.0,"Census Tract 4903, Poinsett County, Arkansas",111,05,490300
1012.0,733.0,0.0,648.0,85.0,279.0,"Census Tract 4907, Poinsett County, Arkansas",111,05,490700
1669.0,1321.0,6.0,1053.0,262.0,348.0,"Census Tract 4901, Poinsett County, Arkansas",111,05,490100
1545.0,1190.0,41.0,932.0,217.0,355.0,"Census Tract 1801, Newton County, Arkansas",101,05,180100
2073.0,2048.0,0.0,1893.0,155.0,25.0,"Census Tract 15.02, Pulaski County, Arkansas",119,05,001502
1187.0,990.0,0.0,777.0,213.0,197.0,"Census Tract 4801, Greene County, Arkansas",055,05,480100
1791.0,1599.0,39.0,1386.0,174.0,192.0,"Census Tract 202.05, Lonoke County, Arkansas",085,05,020205
1837.0,1671.0,0.0,1423.0,248.0,166.0,"Census Tract 202.06, Lonoke County, Arkansas",085,05,020206
1621.0,1469.0,4.0,1230.0,235.0,152.0,"Census Tract 4802, Greene County, Arkansas",055,05,480200
1195.0,832.0,0.0,701.0,131.0,363.0,"Census Tract 307.01, Faulkner County, Arkansas",045,05,030701
3333.0,3137.0,0.0,2790.0,347.0,196.0,"Census Tract 310.05, Faulkner County, Arkansas",045,05,031005
945.0,847.0,0.0,740.0,107.0,98.0,"Census Tract 310.03, Faulkner County, Arkansas",045,05,031003
1593.0,1368.0,0.0,1075.0,293.0,225.0,"Census Tract 310.06, Faulkner County, Arkansas",045,05,031006
2407.0,2077.0,20.0,1286.0,771.0,330.0,"Census Tract 209.02, Benton County, Arkansas",007,05,020902
3166.0,3031.0,19.0,2000.0,1012.0,135.0,"Census Tract 209.01, Benton County, Arkansas",007,05,020901
3092.0,3065.0,0.0,1993.0,1072.0,27.0,"Census Tract 206.03, Benton County, Arkansas",007,05,020603
1603.0,1474.0,0.0,967.0,507.0,129.0,"Census Tract 206.05, Benton County, Arkansas",007,05,020605
2298.0,2162.0,13.0,1607.0,542.0,136.0,"Census Tract 208.06, Benton County, Arkansas",007,05,020806
1407.0,1377.0,0.0,1056.0,321.0,30.0,"Census Tract 206.06, Benton County, Arkansas",007,05,020606
1991.0,1757.0,0.0,1065.0,692.0,234.0,"Census Tract 213.05, Benton County, Arkansas",007,05,021305
2256.0,2112.0,0.0,1402.0,710.0,144.0,"Census Tract 213.11, Benton County, Arkansas",007,05,021311
1879.0,1270.0,15.0,1021.0,234.0,609.0,"Census Tract 205.02, Crawford County, Arkansas",033,05,020502
1691.0,1368.0,8.0,1197.0,163.0,323.0,"Census Tract 203.01, Crawford County, Arkansas",033,05,020301
1712.0,1511.0,0.0,1346.0,165.0,201.0,"Census Tract 203.02, Crawford County, Arkansas",033,05,020302
2985.0,2779.0,9.0,2495.0,275.0,206.0,"Census Tract 202.03, Crawford County, Arkansas",033,05,020203
1908.0,1635.0,34.0,1391.0,210.0,273.0,"Census Tract 9524.02, Yell County, Arkansas",149,05,952402
2030.0,1668.0,60.0,1340.0,268.0,362.0,"Census Tract 202.04, Crawford County, Arkansas",033,05,020204
1027.0,645.0,9.0,543.0,93.0,382.0,"Census Tract 9523.01, Yell County, Arkansas",149,05,952301
1068.0,836.0,12.0,706.0,118.0,232.0,"Census Tract 9524.01, Yell County, Arkansas",149,05,952401
708.0,581.0,3.0,496.0,82.0,127.0,"Census Tract 4906, Poinsett County, Arkansas",111,05,490600
2430.0,1962.0,15.0,1579.0,368.0,468.0,"Census Tract 4905, Poinsett County, Arkansas",111,05,490500
667.0,560.0,12.0,475.0,73.0,107.0,"Census Tract 4902, Poinsett County, Arkansas",111,05,490200
1691.0,1469.0,16.0,1094.0,359.0,222.0,"Census Tract 113, Washington County, Arkansas",143,05,011300
1538.0,1266.0,21.0,874.0,371.0,272.0,"Census Tract 4703, Grant County, Arkansas",053,05,470300
1965.0,1581.0,11.0,1373.0,197.0,384.0,"Census Tract 102.01, Sebastian County, Arkansas",131,05,010201
1293.0,1145.0,9.0,672.0,464.0,148.0,"Census Tract 214.04, Benton County, Arkansas",007,05,021404
1412.0,1276.0,34.0,1062.0,180.0,136.0,"Census Tract 102.02, Sebastian County, Arkansas",131,05,010202
1875.0,1657.0,36.0,839.0,782.0,218.0,"Census Tract 202.05, Benton County, Arkansas",007,05,020205
2923.0,2793.0,0.0,1763.0,1030.0,130.0,"Census Tract 213.10, Benton County, Arkansas",007,05,021310
1948.0,1871.0,15.0,1415.0,441.0,77.0,"Census Tract 208.03, Benton County, Arkansas",007,05,020803
1785.0,1508.0,0.0,844.0,664.0,277.0,"Census Tract 205.03, Benton County, Arkansas",007,05,020503
1632.0,1292.0,9.0,1112.0,171.0,340.0,"Census Tract 9603.01, Randolph County, Arkansas",121,05,960301
1536.0,1192.0,0.0,943.0,249.0,344.0,"Census Tract 9603.02, Randolph County, Arkansas",121,05,960302
1344.0,1117.0,25.0,1026.0,66.0,227.0,"Census Tract 9536.02, Clark County, Arkansas",019,05,953602
1336.0,1115.0,0.0,868.0,247.0,221.0,"Census Tract 205.01, Crawford County, Arkansas",033,05,020501
1605.0,1328.0,0.0,1191.0,137.0,277.0,"Census Tract 7905.01, Boone County, Arkansas",009,05,790501
2609.0,2225.0,17.0,2009.0,199.0,384.0,"Census Tract 37.03, Pulaski County, Arkansas",119,05,003703
2761.0,2644.0,16.0,2421.0,207.0,117.0,"Census Tract 16, Pulaski County, Arkansas",119,05,001600
448.0,390.0,0.0,369.0,21.0,58.0,"Census Tract 37.06, Pulaski County, Arkansas",119,05,003706
1345.0,1040.0,10.0,876.0,154.0,305.0,"Census Tract 41.03, Pulaski County, Arkansas",119,05,004103
1797.0,1611.0,19.0,1349.0,243.0,186.0,"Census Tract 24.05, Pulaski County, Arkansas",119,05,002405
401.0,271.0,3.0,216.0,52.0,130.0,"Census Tract 31, Pulaski County, Arkansas",119,05,003100
2438.0,2156.0,0.0,1716.0,440.0,282.0,"Census Tract 32.02, Pulaski County, Arkansas",119,05,003202
1712.0,1428.0,0.0,1175.0,253.0,284.0,"Census Tract 36.07, Pulaski County, Arkansas",119,05,003607
2170.0,1684.0,0.0,1515.0,169.0,486.0,"Census Tract 41.05, Pulaski County, Arkansas",119,05,004105
1575.0,1129.0,0.0,698.0,431.0,446.0,"Census Tract 38, Pulaski County, Arkansas",119,05,003800
994.0,763.0,7.0,523.0,233.0,231.0,"Census Tract 40.07, Pulaski County, Arkansas",119,05,004007
1755.0,1112.0,27.0,936.0,149.0,643.0,"Census Tract 18, Pulaski County, Arkansas",119,05,001800
1179.0,939.0,0.0,850.0,89.0,240.0,"Census Tract 24.06, Pulaski County, Arkansas",119,05,002406
1853.0,1548.0,55.0,1303.0,190.0,305.0,"Census Tract 34.04, Pulaski County, Arkansas",119,05,003404
2331.0,1751.0,0.0,1588.0,163.0,580.0,"Census Tract 7902, Boone County, Arkansas",009,05,790200
1848.0,1473.0,14.0,1280.0,179.0,375.0,"Census Tract 7905.02, Boone County, Arkansas",009,05,790502
2006.0,1621.0,0.0,1587.0,34.0,385.0,"Census Tract 7906, Boone County, Arkansas",009,05,790600
2079.0,1702.0,35.0,1536.0,131.0,377.0,"Census Tract 7903, Boone County, Arkansas",009,05,790300
2503.0,2087.0,30.0,1929.0,128.0,416.0,"Census Tract 7904, Boone County, Arkansas",009,05,790400
2515.0,2277.0,55.0,1803.0,419.0,238.0,"Census Tract 7901, Boone County, Arkansas",009,05,790100
2713.0,2127.0,0.0,1616.0,511.0,586.0,"Census Tract 5502, Fulton County, Arkansas",049,05,550200
2404.0,2054.0,0.0,1477.0,577.0,350.0,"Census Tract 5501, Fulton County, Arkansas",049,05,550100
771.0,555.0,0.0,326.0,229.0,216.0,"Census Tract 45, Pulaski County, Arkansas",119,05,004500
1363.0,946.0,0.0,752.0,194.0,417.0,"Census Tract 46, Pulaski County, Arkansas",119,05,004600
1133.0,932.0,19.0,705.0,208.0,201.0,"Census Tract 804, Sevier County, Arkansas",133,05,080400
1727.0,1322.0,7.0,1143.0,172.0,405.0,"Census Tract 803, Sevier County, Arkansas",133,05,080300
1650.0,1190.0,27.0,1042.0,121.0,460.0,"Census Tract 802, Sevier County, Arkansas",133,05,080200
1474.0,1181.0,0.0,1008.0,173.0,293.0,"Census Tract 801, Sevier County, Arkansas",133,05,080100
781.0,577.0,26.0,473.0,78.0,204.0,"Census Tract 4603.01, Van Buren County, Arkansas",141,05,460301
1627.0,1354.0,0.0,1086.0,268.0,273.0,"Census Tract 4603.02, Van Buren County, Arkansas",141,05,460302
1517.0,1150.0,31.0,840.0,279.0,367.0,"Census Tract 4602, Van Buren County, Arkansas",141,05,460200
1586.0,1198.0,8.0,904.0,286.0,388.0,"Census Tract 4604, Van Buren County, Arkansas",141,05,460400
1356.0,985.0,35.0,668.0,282.0,371.0,"Census Tract 4601, Van Buren County, Arkansas",141,05,460100
1049.0,774.0,51.0,562.0,161.0,275.0,"Census Tract 4802, Calhoun County, Arkansas",013,05,480200
1012.0,736.0,0.0,519.0,217.0,276.0,"Census Tract 4801, Calhoun County, Arkansas",013,05,480100
2329.0,2031.0,0.0,1611.0,420.0,298.0,"Census Tract 4704, Grant County, Arkansas",053,05,470400
1119.0,1019.0,27.0,777.0,215.0,100.0,"Census Tract 4702, Grant County, Arkansas",053,05,470200
1865.0,1646.0,9.0,1406.0,231.0,219.0,"Census Tract 4701, Grant County, Arkansas",053,05,470100
1416.0,1087.0,0.0,881.0,206.0,329.0,"Census Tract 47, Pulaski County, Arkansas",119,05,004700
981.0,700.0,0.0,629.0,71.0,281.0,"Census Tract 44, Pulaski County, Arkansas",119,05,004400
1403.0,1210.0,9.0,1120.0,81.0,193.0,"Census Tract 37.10, Pulaski County, Arkansas",119,05,003710
2192.0,2088.0,0.0,2033.0,55.0,104.0,"Census Tract 42.19, Pulaski County, Arkansas",119,05,004219
1593.0,1429.0,0.0,1149.0,280.0,164.0,"Census Tract 22.09, Pulaski County, Arkansas",119,05,002209
2724.0,2542.0,0.0,2174.0,368.0,182.0,"Census Tract 42.16, Pulaski County, Arkansas",119,05,004216
1444.0,1339.0,8.0,848.0,483.0,105.0,"Census Tract 203.05, Benton County, Arkansas",007,05,020305
694.0,650.0,0.0,630.0,20.0,44.0,"Census Tract 24.07, Pulaski County, Arkansas",119,05,002407
2134.0,1919.0,15.0,1558.0,346.0,215.0,"Census Tract 208.05, Benton County, Arkansas",007,05,020805
2074.0,2008.0,6.0,1653.0,349.0,66.0,"Census Tract 207.01, Benton County, Arkansas",007,05,020701
1752.0,1607.0,12.0,854.0,741.0,145.0,"Census Tract 206.04, Benton County, Arkansas",007,05,020604
1977.0,1679.0,1.0,1201.0,477.0,298.0,"Census Tract 201.01, Benton County, Arkansas",007,05,020101
1638.0,1568.0,0.0,1223.0,345.0,70.0,"Census Tract 207.04, Benton County, Arkansas",007,05,020704
1306.0,1088.0,0.0,616.0,472.0,218.0,"Census Tract 205.04, Benton County, Arkansas",007,05,020504
1454.0,1296.0,0.0,800.0,496.0,158.0,"Census Tract 203.04, Benton County, Arkansas",007,05,020304
2108.0,1919.0,0.0,1267.0,652.0,189.0,"Census Tract 201.02, Benton County, Arkansas",007,05,020102
1722.0,1076.0,20.0,815.0,241.0,646.0,"Census Tract 4701, Lafayette County, Arkansas",073,05,470100
844.0,556.0,2.0,451.0,103.0,288.0,"Census Tract 13, Pulaski County, Arkansas",119,05,001300
1804.0,1558.0,16.0,1248.0,294.0,246.0,"Census Tract 36.08, Pulaski County, Arkansas",119,05,003608
1347.0,984.0,8.0,750.0,226.0,363.0,"Census Tract 40.06, Pulaski County, Arkansas",119,05,004006
1790.0,1303.0,0.0,1038.0,265.0,487.0,"Census Tract 41.08, Pulaski County, Arkansas",119,05,004108
5242.0,4575.0,0.0,3929.0,646.0,667.0,"Census Tract 43.03, Pulaski County, Arkansas",119,05,004303
2131.0,1864.0,11.0,1470.0,383.0,267.0,"Census Tract 104.01, Washington County, Arkansas",143,05,010401
2620.0,2503.0,35.0,2294.0,174.0,117.0,"Census Tract 101.07, Washington County, Arkansas",143,05,010107
3107.0,2760.0,0.0,2282.0,478.0,347.0,"Census Tract 101.06, Washington County, Arkansas",143,05,010106
1594.0,1317.0,7.0,1093.0,217.0,277.0,"Census Tract 101.01, Washington County, Arkansas",143,05,010101
1648.0,1509.0,0.0,1334.0,175.0,139.0,"Census Tract 105.10, Washington County, Arkansas",143,05,010510
1943.0,1694.0,0.0,1433.0,261.0,249.0,"Census Tract 110.03, Washington County, Arkansas",143,05,011003
1988.0,1694.0,34.0,1357.0,303.0,294.0,"Census Tract 110.02, Washington County, Arkansas",143,05,011002
2718.0,2555.0,29.0,2202.0,324.0,163.0,"Census Tract 105.09, Washington County, Arkansas",143,05,010509
3693.0,3458.0,0.0,2696.0,762.0,235.0,"Census Tract 107.01, Washington County, Arkansas",143,05,010701
3387.0,3077.0,16.0,2644.0,417.0,310.0,"Census Tract 110.01, Washington County, Arkansas",143,05,011001
3007.0,2762.0,34.0,2081.0,647.0,245.0,"Census Tract 111.01, Washington County, Arkansas",143,05,011101
3416.0,2941.0,0.0,2156.0,785.0,475.0,"Census Tract 103.01, Washington County, Arkansas",143,05,010301
2169.0,1876.0,9.0,1629.0,238.0,293.0,"Census Tract 105.01, Washington County, Arkansas",143,05,010501
2538.0,2173.0,0.0,1901.0,272.0,365.0,"Census Tract 105.04, Washington County, Arkansas",143,05,010504
1346.0,1043.0,9.0,776.0,258.0,303.0,"Census Tract 110.04, Washington County, Arkansas",143,05,011004
3315.0,2907.0,21.0,2632.0,254.0,408.0,"Census Tract 101.05, Washington County, Arkansas",143,05,010105
3133.0,2918.0,7.0,2538.0,373.0,215.0,"Census Tract 101.02, Washington County, Arkansas",143,05,010102
3353.0,3167.0,0.0,2802.0,365.0,186.0,"Census Tract 106, Washington County, Arkansas",143,05,010600
2750.0,2686.0,21.0,2476.0,189.0,64.0,"Census Tract 101.04, Washington County, Arkansas",143,05,010104
2384.0,1769.0,0.0,1097.0,672.0,615.0,"Census Tract 102, Washington County, Arkansas",143,05,010200
3645.0,3281.0,0.0,2875.0,406.0,364.0,"Census Tract 105.03, Washington County, Arkansas",143,05,010503
3219.0,3071.0,0.0,2916.0,155.0,148.0,"Census Tract 105.07, Washington County, Arkansas",143,05,010507
2751.0,2449.0,80.0,1965.0,404.0,302.0,"Census Tract 111.02, Washington County, Arkansas",143,05,011102
4567.0,4292.0,0.0,3805.0,487.0,275.0,"Census Tract 105.06, Washington County, Arkansas",143,05,010506
1516.0,1290.0,33.0,960.0,297.0,226.0,"Census Tract 111.03, Washington County, Arkansas",143,05,011103
2529.0,2368.0,0.0,2273.0,95.0,161.0,"Census Tract 105.08, Washington County, Arkansas",143,05,010508
2602.0,2383.0,0.0,2184.0,199.0,219.0,"Census Tract 107.02, Washington County, Arkansas",143,05,010702
4476.0,4066.0,0.0,2819.0,1247.0,410.0,"Census Tract 103.02, Washington County, Arkansas",143,05,010302
715.0,586.0,0.0,433.0,153.0,129.0,"Census Tract 112, Washington County, Arkansas",143,05,011200
1408.0,1144.0,0.0,963.0,181.0,264.0,"Census Tract 9504, Baxter County, Arkansas",005,05,950400
1527.0,1295.0,34.0,1072.0,189.0,232.0,"Census Tract 9507, Baxter County, Arkansas",005,05,950700
1812.0,1371.0,74.0,1073.0,224.0,441.0,"Census Tract 9506, Baxter County, Arkansas",005,05,950600
2223.0,1857.0,49.0,1593.0,215.0,366.0,"Census Tract 9502, Baxter County, Arkansas",005,05,950200
2081.0,1763.0,14.0,1530.0,219.0,318.0,"Census Tract 9501, Baxter County, Arkansas",005,05,950100
2266.0,1774.0,15.0,1512.0,247.0,492.0,"Census Tract 9503, Baxter County, Arkansas",005,05,950300
2080.0,1623.0,26.0,1297.0,300.0,457.0,"Census Tract 9505, Baxter County, Arkansas",005,05,950500
2743.0,2207.0,69.0,1808.0,330.0,536.0,"Census Tract 9508, Baxter County, Arkansas",005,05,950800
2258.0,1923.0,19.0,1708.0,196.0,335.0,"Census Tract 9509, Baxter County, Arkansas",005,05,950900
1103.0,933.0,5.0,800.0,128.0,170.0,"Census Tract 9605, Ashley County, Arkansas",003,05,960500
684.0,455.0,7.0,299.0,149.0,229.0,"Census Tract 9601, Ashley County, Arkansas",003,05,960100
1045.0,775.0,7.0,570.0,198.0,270.0,"Census Tract 9602, Ashley County, Arkansas",003,05,960200
1901.0,1453.0,23.0,1173.0,257.0,448.0,"Census Tract 9603, Ashley County, Arkansas",003,05,960300
737.0,611.0,4.0,510.0,97.0,126.0,"Census Tract 9607, Ashley County, Arkansas",003,05,960700
2072.0,1493.0,0.0,1120.0,373.0,579.0,"Census Tract 9606, Ashley County, Arkansas",003,05,960600
640.0,460.0,4.0,323.0,133.0,180.0,"Census Tract 9604, Ashley County, Arkansas",003,05,960400
2904.0,2712.0,27.0,2391.0,294.0,192.0,"Census Tract 3, Craighead County, Arkansas",031,05,000300
3088.0,2778.0,0.0,2429.0,349.0,310.0,"Census Tract 11, Craighead County, Arkansas",031,05,001100
2129.0,1813.0,0.0,1511.0,302.0,316.0,"Census Tract 9, Craighead County, Arkansas",031,05,000900
1833.0,1554.0,0.0,1357.0,197.0,279.0,"Census Tract 12, Craighead County, Arkansas",031,05,001200
1588.0,1284.0,0.0,1133.0,151.0,304.0,"Census Tract 2, Craighead County, Arkansas",031,05,000200
2830.0,2416.0,17.0,2165.0,234.0,414.0,"Census Tract 7, Craighead County, Arkansas",031,05,000700
1555.0,1224.0,0.0,993.0,231.0,331.0,"Census Tract 10, Craighead County, Arkansas",031,05,001000
1782.0,1466.0,12.0,1053.0,401.0,316.0,"Census Tract 6.02, Craighead County, Arkansas",031,05,000602
2337.0,1995.0,0.0,1792.0,203.0,342.0,"Census Tract 6.01, Craighead County, Arkansas",031,05,000601
997.0,570.0,11.0,480.0,79.0,427.0,"Census Tract 9526, Yell County, Arkansas",149,05,952600
747.0,529.0,8.0,411.0,110.0,218.0,"Census Tract 9529, Perry County, Arkansas",105,05,952900
1853.0,1552.0,17.0,1170.0,365.0,301.0,"Census Tract 9527, Perry County, Arkansas",105,05,952700
1092.0,845.0,13.0,705.0,127.0,247.0,"Census Tract 9528, Perry County, Arkansas",105,05,952800
1491.0,1006.0,3.0,753.0,250.0,485.0,"Census Tract 9525, Yell County, Arkansas",149,05,952500
3881.0,3472.0,52.0,2921.0,499.0,409.0,"Census Tract 712, White County, Arkansas",145,05,071200
1645.0,1173.0,14.0,837.0,322.0,472.0,"Census Tract 706, White County, Arkansas",145,05,070600
2382.0,1835.0,0.0,1441.0,394.0,547.0,"Census Tract 705, White County, Arkansas",145,05,070500
1726.0,1254.0,12.0,928.0,314.0,472.0,"Census Tract 701, White County, Arkansas",145,05,070100
2640.0,2174.0,0.0,1890.0,284.0,466.0,"Census Tract 710, White County, Arkansas",145,05,071000
1709.0,1135.0,31.0,662.0,442.0,574.0,"Census Tract 4703, Lee County, Arkansas",077,05,470300
694.0,506.0,0.0,360.0,146.0,188.0,"Census Tract 4702, Lee County, Arkansas",077,05,470200
470.0,327.0,9.0,274.0,44.0,143.0,"Census Tract 4701, Lee County, Arkansas",077,05,470100
668.0,401.0,1.0,283.0,117.0,267.0,"Census Tract 4704, Lee County, Arkansas",077,05,470400
1593.0,1207.0,8.0,950.0,249.0,386.0,"Census Tract 4803, Jackson County, Arkansas",067,05,480300
1082.0,626.0,0.0,472.0,154.0,456.0,"Census Tract 4804, Jackson County, Arkansas",067,05,480400
1535.0,1076.0,12.0,876.0,188.0,459.0,"Census Tract 4801, Jackson County, Arkansas",067,05,480100
1242.0,909.0,19.0,723.0,167.0,333.0,"Census Tract 4802, Jackson County, Arkansas",067,05,480200
727.0,547.0,0.0,459.0,88.0,180.0,"Census Tract 4805, Jackson County, Arkansas",067,05,480500
1990.0,1598.0,1.0,1398.0,199.0,392.0,"Census Tract 703, White County, Arkansas",145,05,070300
2174.0,1707.0,35.0,1460.0,212.0,467.0,"Census Tract 702, White County, Arkansas",145,05,070200
1123.0,787.0,0.0,645.0,142.0,336.0,"Census Tract 4705.01, Lawrence County, Arkansas",075,05,470501
1679.0,1350.0,20.0,1031.0,299.0,329.0,"Census Tract 4705.02, Lawrence County, Arkansas",075,05,470502
1191.0,838.0,6.0,629.0,203.0,353.0,"Census Tract 9602.01, Marion County, Arkansas",089,05,960201
1005.0,726.0,2.0,442.0,282.0,279.0,"Census Tract 4603, Prairie County, Arkansas",117,05,460300
1475.0,1110.0,14.0,908.0,188.0,365.0,"Census Tract 9602.02, Marion County, Arkansas",089,05,960202
1689.0,1270.0,15.0,846.0,409.0,419.0,"Census Tract 4601, Prairie County, Arkansas",117,05,460100
1226.0,845.0,6.0,610.0,229.0,381.0,"Census Tract 4602, Prairie County, Arkansas",117,05,460200
1722.0,1222.0,7.0,1003.0,212.0,500.0,"Census Tract 4805, Hempstead County, Arkansas",057,05,480500
1752.0,1236.0,0.0,1086.0,150.0,516.0,"Census Tract 4803, Hempstead County, Arkansas",057,05,480300
1058.0,787.0,7.0,634.0,146.0,271.0,"Census Tract 4902, Drew County, Arkansas",043,05,490200
1344.0,1127.0,38.0,810.0,279.0,217.0,"Census Tract 4904, Drew County, Arkansas",043,05,490400
758.0,538.0,10.0,320.0,208.0,220.0,"Census Tract 9606, Lincoln County, Arkansas",079,05,960600
1065.0,905.0,54.0,716.0,135.0,160.0,"Census Tract 4805.01, Cleburne County, Arkansas",023,05,480501
819.0,653.0,17.0,541.0,95.0,166.0,"Census Tract 208.02, Miller County, Arkansas",091,05,020802
1647.0,1295.0,7.0,1063.0,225.0,352.0,"Census Tract 4805, Arkansas County, Arkansas",001,05,480500
982.0,745.0,12.0,511.0,222.0,237.0,"Census Tract 4804, Arkansas County, Arkansas",001,05,480400
1147.0,1006.0,0.0,831.0,175.0,141.0,"Census Tract 4803, Arkansas County, Arkansas",001,05,480300
1220.0,904.0,0.0,646.0,258.0,316.0,"Census Tract 4807, Arkansas County, Arkansas",001,05,480700
605.0,484.0,7.0,416.0,61.0,121.0,"Census Tract 308.07, Crittenden County, Arkansas",035,05,030807
1641.0,1072.0,84.0,771.0,217.0,569.0,"Census Tract 902, Nevada County, Arkansas",099,05,090200
1013.0,671.0,19.0,520.0,132.0,342.0,"Census Tract 901, Nevada County, Arkansas",099,05,090100
798.0,456.0,2.0,321.0,133.0,342.0,"Census Tract 903, Nevada County, Arkansas",099,05,090300
627.0,532.0,0.0,394.0,138.0,95.0,"Census Tract 25, Pulaski County, Arkansas",119,05,002500
387.0,245.0,0.0,153.0,92.0,142.0,"Census Tract 26, Pulaski County, Arkansas",119,05,002600
1189.0,924.0,33.0,770.0,121.0,265.0,"Census Tract 34.03, Pulaski County, Arkansas",119,05,003403
1037.0,723.0,0.0,503.0,220.0,314.0,"Census Tract 36.06, Pulaski County, Arkansas",119,05,003606
904.0,670.0,0.0,559.0,111.0,234.0,"Census Tract 40.01, Pulaski County, Arkansas",119,05,004001
1876.0,1473.0,17.0,1258.0,198.0,403.0,"Census Tract 41.06, Pulaski County, Arkansas",119,05,004106
1767.0,1644.0,0.0,1409.0,235.0,123.0,"Census Tract 42.05, Pulaski County, Arkansas",119,05,004205
686.0,490.0,0.0,289.0,201.0,196.0,"Census Tract 40.05, Pulaski County, Arkansas",119,05,004005
1213.0,784.0,11.0,614.0,159.0,429.0,"Census Tract 19, Pulaski County, Arkansas",119,05,001900
1671.0,1422.0,0.0,1238.0,184.0,249.0,"Census Tract 37.07, Pulaski County, Arkansas",119,05,003707
1847.0,1633.0,12.0,1453.0,168.0,214.0,"Census Tract 308, Faulkner County, Arkansas",045,05,030800
2667.0,1992.0,39.0,1485.0,468.0,675.0,"Census Tract 9503, Franklin County, Arkansas",047,05,950300
1347.0,1099.0,24.0,758.0,317.0,248.0,"Census Tract 9501, Franklin County, Arkansas",047,05,950100
2848.0,1851.0,51.0,1377.0,423.0,997.0,"Census Tract 9502, Franklin County, Arkansas",047,05,950200
1898.0,1605.0,31.0,1200.0,374.0,293.0,"Census Tract 311.02, Faulkner County, Arkansas",045,05,031102
1968.0,1792.0,38.0,1267.0,487.0,176.0,"Census Tract 301.02, Faulkner County, Arkansas",045,05,030102
1177.0,1057.0,2.0,856.0,199.0,120.0,"Census Tract 301.03, Faulkner County, Arkansas",045,05,030103
2008.0,1800.0,0.0,1666.0,134.0,208.0,"Census Tract 303.02, Faulkner County, Arkansas",045,05,030302
1057.0,845.0,9.0,678.0,158.0,212.0,"Census Tract 301.01, Faulkner County, Arkansas",045,05,030101
1831.0,1683.0,0.0,1378.0,305.0,148.0,"Census Tract 301.04, Faulkner County, Arkansas",045,05,030104
967.0,891.0,8.0,778.0,105.0,76.0,"Census Tract 304.04, Faulkner County, Arkansas",045,05,030404
1946.0,1629.0,30.0,1226.0,373.0,317.0,"Census Tract 311.01, Faulkner County, Arkansas",045,05,031101
1383.0,1302.0,35.0,1157.0,110.0,81.0,"Census Tract 304.02, Faulkner County, Arkansas",045,05,030402
1577.0,1485.0,73.0,1213.0,199.0,92.0,"Census Tract 310.01, Faulkner County, Arkansas",045,05,031001
1943.0,1793.0,44.0,1440.0,309.0,150.0,"Census Tract 303.01, Faulkner County, Arkansas",045,05,030301
1531.0,1357.0,16.0,1076.0,265.0,174.0,"Census Tract 303.03, Faulkner County, Arkansas",045,05,030303
2181.0,1882.0,0.0,1597.0,285.0,299.0,"Census Tract 306, Faulkner County, Arkansas",045,05,030600
2024.0,1581.0,7.0,1292.0,282.0,443.0,"Census Tract 302, Faulkner County, Arkansas",045,05,030200
831.0,724.0,0.0,627.0,97.0,107.0,"Census Tract 304.01, Faulkner County, Arkansas",045,05,030401
1364.0,1141.0,0.0,944.0,197.0,223.0,"Census Tract 304.03, Faulkner County, Arkansas",045,05,030403
1355.0,1124.0,0.0,829.0,295.0,231.0,"Census Tract 309, Faulkner County, Arkansas",045,05,030900
1493.0,1108.0,15.0,897.0,196.0,385.0,"Census Tract 9533, Pike County, Arkansas",109,05,953300
1913.0,1378.0,23.0,1033.0,322.0,535.0,"Census Tract 9535, Pike County, Arkansas",109,05,953500
907.0,736.0,0.0,542.0,194.0,171.0,"Census Tract 9534, Pike County, Arkansas",109,05,953400
1498.0,1315.0,0.0,783.0,532.0,183.0,"Census Tract 3.03, Jefferson County, Arkansas",069,05,000303
500.0,355.0,0.0,146.0,209.0,145.0,"Census Tract 10, Jefferson County, Arkansas",069,05,001000
1449.0,1228.0,0.0,891.0,337.0,221.0,"Census Tract 15.01, Jefferson County, Arkansas",069,05,001501
1211.0,872.0,0.0,494.0,378.0,339.0,"Census Tract 17, Jefferson County, Arkansas",069,05,001700
17.0,17.0,0.0,5.0,12.0,0.0,"Census Tract 1.02, Jefferson County, Arkansas",069,05,000102
724.0,441.0,0.0,159.0,282.0,283.0,"Census Tract 13, Jefferson County, Arkansas",069,05,001300
2328.0,1779.0,58.0,1518.0,203.0,549.0,"Census Tract 20, Jefferson County, Arkansas",069,05,002000
1474.0,1297.0,0.0,856.0,441.0,177.0,"Census Tract 18, Jefferson County, Arkansas",069,05,001800
1399.0,1152.0,22.0,996.0,134.0,247.0,"Census Tract 3.01, Jefferson County, Arkansas",069,05,000301
2094.0,1852.0,10.0,1571.0,271.0,242.0,"Census Tract 3.02, Jefferson County, Arkansas",069,05,000302
1241.0,1069.0,23.0,759.0,287.0,172.0,"Census Tract 21.03, Jefferson County, Arkansas",069,05,002103
1668.0,1405.0,13.0,1016.0,376.0,263.0,"Census Tract 21.04, Jefferson County, Arkansas",069,05,002104
1213.0,681.0,0.0,449.0,232.0,532.0,"Census Tract 23, Jefferson County, Arkansas",069,05,002300
1260.0,923.0,42.0,473.0,408.0,337.0,"Census Tract 16, Jefferson County, Arkansas",069,05,001600
908.0,733.0,0.0,392.0,341.0,175.0,"Census Tract 19.03, Jefferson County, Arkansas",069,05,001903
633.0,505.0,10.0,307.0,188.0,128.0,"Census Tract 19.01, Jefferson County, Arkansas",069,05,001901
1499.0,1143.0,10.0,762.0,371.0,356.0,"Census Tract 15.02, Jefferson County, Arkansas",069,05,001502
774.0,526.0,0.0,311.0,215.0,248.0,"Census Tract 5.02, Jefferson County, Arkansas",069,05,000502
637.0,534.0,0.0,254.0,280.0,103.0,"Census Tract 14.01, Jefferson County, Arkansas",069,05,001401
1144.0,952.0,0.0,676.0,276.0,192.0,"Census Tract 9, Jefferson County, Arkansas",069,05,000900
793.0,543.0,0.0,258.0,285.0,250.0,"Census Tract 12, Jefferson County, Arkansas",069,05,001200
947.0,679.0,0.0,397.0,282.0,268.0,"Census Tract 14.02, Jefferson County, Arkansas",069,05,001402
2306.0,2065.0,6.0,1888.0,171.0,241.0,"Census Tract 9603, Marion County, Arkansas",089,05,960300
1691.0,1358.0,22.0,1186.0,150.0,333.0,"Census Tract 9601, Marion County, Arkansas",089,05,960100
1485.0,994.0,15.0,787.0,192.0,491.0,"Census Tract 9532, Montgomery County, Arkansas",097,05,953200
1438.0,1070.0,14.0,814.0,242.0,368.0,"Census Tract 9530, Montgomery County, Arkansas",097,05,953000
932.0,700.0,0.0,570.0,130.0,232.0,"Census Tract 9531, Montgomery County, Arkansas",097,05,953100
716.0,471.0,0.0,360.0,111.0,245.0,"Census Tract 9503, Scott County, Arkansas",127,05,950300
1634.0,1162.0,17.0,730.0,415.0,472.0,"Census Tract 9502, Scott County, Arkansas",127,05,950200
1622.0,1262.0,15.0,979.0,268.0,360.0,"Census Tract 9501, Scott County, Arkansas",127,05,950100
863.0,551.0,30.0,464.0,57.0,312.0,"Census Tract 9701, Searcy County, Arkansas",129,05,970100
1541.0,1085.0,9.0,730.0,346.0,456.0,"Census Tract 9702, Searcy County, Arkansas",129,05,970200
932.0,793.0,59.0,553.0,181.0,139.0,"Census Tract 9703, Searcy County, Arkansas",129,05,970300
1420.0,1207.0,7.0,980.0,220.0,213.0,"Census Tract 11.02, Sebastian County, Arkansas",131,05,001102
1292.0,864.0,7.0,684.0,173.0,428.0,"Census Tract 12.02, Sebastian County, Arkansas",131,05,001202
2185.0,1737.0,0.0,1263.0,474.0,448.0,"Census Tract 1, Sebastian County, Arkansas",131,05,000100
2569.0,1901.0,24.0,1610.0,267.0,668.0,"Census Tract 103.02, Sebastian County, Arkansas",131,05,010302
1027.0,855.0,0.0,761.0,94.0,172.0,"Census Tract 13.01, Sebastian County, Arkansas",131,05,001301
1793.0,1146.0,0.0,912.0,234.0,647.0,"Census Tract 8, Sebastian County, Arkansas",131,05,000800
2975.0,2580.0,0.0,2450.0,130.0,395.0,"Census Tract 13.04, Sebastian County, Arkansas",131,05,001304
2047.0,1486.0,0.0,1013.0,473.0,561.0,"Census Tract 5.01, Sebastian County, Arkansas",131,05,000501
1105.0,938.0,20.0,831.0,87.0,167.0,"Census Tract 5.02, Sebastian County, Arkansas",131,05,000502
1174.0,703.0,0.0,551.0,152.0,471.0,"Census Tract 4, Sebastian County, Arkansas",131,05,000400
872.0,763.0,10.0,731.0,22.0,109.0,"Census Tract 10.02, Sebastian County, Arkansas",131,05,001002
2097.0,1969.0,0.0,1841.0,128.0,128.0,"Census Tract 13.05, Sebastian County, Arkansas",131,05,001305
2282.0,1713.0,22.0,1453.0,238.0,569.0,"Census Tract 10.01, Sebastian County, Arkansas",131,05,001001
1438.0,1133.0,0.0,938.0,195.0,305.0,"Census Tract 12.01, Sebastian County, Arkansas",131,05,001201
2174.0,1488.0,0.0,1189.0,299.0,686.0,"Census Tract 7, Sebastian County, Arkansas",131,05,000700
1758.0,1341.0,2.0,989.0,350.0,417.0,"Census Tract 2, Sebastian County, Arkansas",131,05,000200
846.0,638.0,0.0,429.0,209.0,208.0,"Census Tract 3, Sebastian County, Arkansas",131,05,000300
3840.0,3329.0,0.0,2880.0,449.0,511.0,"Census Tract 13.02, Sebastian County, Arkansas",131,05,001302
2309.0,1940.0,8.0,1676.0,256.0,369.0,"Census Tract 103.01, Sebastian County, Arkansas",131,05,010301
2461.0,2105.0,0.0,1890.0,215.0,356.0,"Census Tract 101.02, Sebastian County, Arkansas",131,05,010102
2334.0,1923.0,0.0,1666.0,257.0,411.0,"Census Tract 6, Sebastian County, Arkansas",131,05,000600
2004.0,1676.0,0.0,1431.0,245.0,328.0,"Census Tract 11.01, Sebastian County, Arkansas",131,05,001101
2603.0,2297.0,0.0,2032.0,265.0,306.0,"Census Tract 13.03, Sebastian County, Arkansas",131,05,001303
2319.0,1902.0,35.0,1666.0,201.0,417.0,"Census Tract 101.01, Sebastian County, Arkansas",131,05,010101
2324.0,1853.0,4.0,1576.0,273.0,471.0,"Census Tract 201, Crawford County, Arkansas",033,05,020100
2253.0,1679.0,83.0,1199.0,397.0,574.0,"Census Tract 202.01, Crawford County, Arkansas",033,05,020201
1864.0,1523.0,9.0,971.0,543.0,341.0,"Census Tract 210.01, Benton County, Arkansas",007,05,021001
1973.0,1548.0,9.0,1177.0,362.0,425.0,"Census Tract 204.01, Crawford County, Arkansas",033,05,020401
1888.0,1476.0,77.0,1204.0,195.0,412.0,"Census Tract 204.02, Crawford County, Arkansas",033,05,020402
3799.0,3249.0,13.0,2728.0,508.0,550.0,"Census Tract 206, Crawford County, Arkansas",033,05,020600
2574.0,2231.0,31.0,1227.0,973.0,343.0,"Census Tract 213.01, Benton County, Arkansas",007,05,021301
2087.0,1878.0,0.0,1624.0,254.0,209.0,"Census Tract 4.01, Craighead County, Arkansas",031,05,000401
607.0,461.0,5.0,390.0,66.0,146.0,"Census Tract 307.03, Crittenden County, Arkansas",035,05,030703
1822.0,1435.0,2.0,1188.0,245.0,387.0,"Census Tract 4801, Hempstead County, Arkansas",057,05,480100
1807.0,1465.0,0.0,1198.0,267.0,342.0,"Census Tract 1.01, Craighead County, Arkansas",031,05,000101
2130.0,1838.0,0.0,1700.0,138.0,292.0,"Census Tract 5.02, Craighead County, Arkansas",031,05,000502
2969.0,2785.0,0.0,2619.0,166.0,184.0,"Census Tract 8.02, Craighead County, Arkansas",031,05,000802
3725.0,3419.0,10.0,2953.0,456.0,306.0,"Census Tract 4.02, Craighead County, Arkansas",031,05,000402
1645.0,1310.0,0.0,1197.0,113.0,335.0,"Census Tract 1.02, Craighead County, Arkansas",031,05,000102
561.0,273.0,0.0,219.0,54.0,288.0,"Census Tract 312, Crittenden County, Arkansas",035,05,031200
1469.0,1304.0,17.0,1002.0,285.0,165.0,"Census Tract 207.01, Miller County, Arkansas",091,05,020701
9.0,9.0,0.0,9.0,0.0,0.0,"Census Tract 9800, Miller County, Arkansas",091,05,980000
1242.0,1103.0,22.0,942.0,139.0,139.0,"Census Tract 208.01, Miller County, Arkansas",091,05,020801
1557.0,1295.0,18.0,1079.0,198.0,262.0,"Census Tract 207.02, Miller County, Arkansas",091,05,020702
820.0,634.0,0.0,467.0,167.0,186.0,"Census Tract 4807, Greene County, Arkansas",055,05,480700
1015.0,782.0,0.0,623.0,159.0,233.0,"Census Tract 114, Mississippi County, Arkansas",093,05,011400
2115.0,1758.0,0.0,1582.0,176.0,357.0,"Census Tract 4808.01, Greene County, Arkansas",055,05,480801
1641.0,1384.0,0.0,1244.0,140.0,257.0,"Census Tract 4808.02, Greene County, Arkansas",055,05,480802
2578.0,2229.0,4.0,1970.0,255.0,349.0,"Census Tract 4805, Greene County, Arkansas",055,05,480500
2872.0,2422.0,0.0,2025.0,397.0,450.0,"Census Tract 4804, Greene County, Arkansas",055,05,480400
2691.0,2301.0,38.0,1845.0,418.0,390.0,"Census Tract 4806, Greene County, Arkansas",055,05,480600
1296.0,1019.0,19.0,868.0,132.0,277.0,"Census Tract 4803, Greene County, Arkansas",055,05,480300
614.0,454.0,9.0,331.0,114.0,160.0,"Census Tract 4801, Arkansas County, Arkansas",001,05,480100
670.0,552.0,3.0,347.0,202.0,118.0,"Census Tract 4806, Arkansas County, Arkansas",001,05,480600
751.0,607.0,6.0,434.0,167.0,144.0,"Census Tract 4802, Arkansas County, Arkansas",001,05,480200
661.0,530.0,8.0,414.0,108.0,131.0,"Census Tract 4808, Arkansas County, Arkansas",001,05,480800
1913.0,1815.0,0.0,1603.0,212.0,98.0,"Census Tract 21.04, Pulaski County, Arkansas",119,05,002104
2099.0,1924.0,10.0,1753.0,161.0,175.0,"Census Tract 15.01, Pulaski County, Arkansas",119,05,001501
0.0,0.0,0.0,0.0,0.0,0.0,"Census Tract 32.05, Pulaski County, Arkansas",119,05,003205
1332.0,1165.0,0.0,1059.0,106.0,167.0,"Census Tract 48, Pulaski County, Arkansas",119,05,004800
1515.0,1269.0,0.0,1157.0,112.0,246.0,"Census Tract 33.06, Pulaski County, Arkansas",119,05,003306
1659.0,1464.0,0.0,1251.0,213.0,195.0,"Census Tract 33.05, Pulaski County, Arkansas",119,05,003305
2295.0,1872.0,45.0,1636.0,191.0,423.0,"Census Tract 42.21, Pulaski County, Arkansas",119,05,004221
2491.0,2264.0,12.0,2144.0,108.0,227.0,"Census Tract 42.20, Pulaski County, Arkansas",119,05,004220
1391.0,897.0,12.0,540.0,345.0,494.0,"Census Tract 30.02, Pulaski County, Arkansas",119,05,003002
1280.0,779.0,0.0,515.0,264.0,501.0,"Census Tract 30.01, Pulaski County, Arkansas",119,05,003001
2422.0,2033.0,0.0,1744.0,289.0,389.0,"Census Tract 43.06, Pulaski County, Arkansas",119,05,004306
1835.0,1736.0,8.0,1447.0,281.0,99.0,"Census Tract 22.06, Pulaski County, Arkansas",119,05,002206
1323.0,1263.0,8.0,1133.0,122.0,60.0,"Census Tract 42.18, Pulaski County, Arkansas",119,05,004218
2980.0,2717.0,66.0,2651.0,0.0,263.0,"Census Tract 43.05, Pulaski County, Arkansas",119,05,004305
1624.0,1611.0,10.0,1564.0,37.0,13.0,"Census Tract 42.13, Pulaski County, Arkansas",119,05,004213
2441.0,2315.0,15.0,2157.0,143.0,126.0,"Census Tract 42.12, Pulaski County, Arkansas",119,05,004212
1134.0,1079.0,0.0,1036.0,43.0,55.0,"Census Tract 42.14, Pulaski County, Arkansas",119,05,004214
2290.0,2207.0,14.0,2097.0,96.0,83.0,"Census Tract 42.15, Pulaski County, Arkansas",119,05,004215
2790.0,2194.0,36.0,1819.0,339.0,596.0,"Census Tract 106, Saline County, Arkansas",125,05,010600
2174.0,1975.0,22.0,1738.0,215.0,199.0,"Census Tract 104.08, Saline County, Arkansas",125,05,010408
564.0,418.0,8.0,287.0,123.0,146.0,"Census Tract 4701, Lawrence County, Arkansas",075,05,470100
800.0,550.0,9.0,429.0,112.0,250.0,"Census Tract 4703, Lawrence County, Arkansas",075,05,470300
1276.0,1161.0,0.0,700.0,461.0,115.0,"Census Tract 212.01, Benton County, Arkansas",007,05,021201
1576.0,1382.0,0.0,850.0,532.0,194.0,"Census Tract 204.02, Benton County, Arkansas",007,05,020402
2600.0,2152.0,17.0,1573.0,562.0,448.0,"Census Tract 204.01, Benton County, Arkansas",007,05,020401
2647.0,2226.0,7.0,1250.0,969.0,421.0,"Census Tract 210.02, Benton County, Arkansas",007,05,021002
1736.0,1419.0,0.0,848.0,571.0,317.0,"Census Tract 202.01, Benton County, Arkansas",007,05,020201
1585.0,1441.0,0.0,832.0,609.0,144.0,"Census Tract 203.02, Benton County, Arkansas",007,05,020302
1153.0,924.0,11.0,559.0,354.0,229.0,"Census Tract 212.02, Benton County, Arkansas",007,05,021202
1676.0,1323.0,0.0,608.0,715.0,353.0,"Census Tract 203.01, Benton County, Arkansas",007,05,020301
2061.0,1930.0,0.0,1374.0,556.0,131.0,"Census Tract 205.01, Benton County, Arkansas",007,05,020501
2460.0,2237.0,5.0,1690.0,542.0,223.0,"Census Tract 201, Hot Spring County, Arkansas",059,05,020100
2430.0,1967.0,33.0,1539.0,395.0,463.0,"Census Tract 204, Hot Spring County, Arkansas",059,05,020400
1416.0,1099.0,16.0,763.0,320.0,317.0,"Census Tract 205, Hot Spring County, Arkansas",059,05,020500
1616.0,1187.0,68.0,902.0,217.0,429.0,"Census Tract 206, Hot Spring County, Arkansas",059,05,020600
811.0,557.0,0.0,472.0,85.0,254.0,"Census Tract 203, Hot Spring County, Arkansas",059,05,020300
1250.0,961.0,31.0,767.0,163.0,289.0,"Census Tract 202, Hot Spring County, Arkansas",059,05,020200
2308.0,1930.0,42.0,1447.0,441.0,378.0,"Census Tract 207, Hot Spring County, Arkansas",059,05,020700
2042.0,1585.0,13.0,1175.0,397.0,457.0,"Census Tract 9522, Johnson County, Arkansas",071,05,952200
1424.0,1010.0,7.0,793.0,210.0,414.0,"Census Tract 9521, Johnson County, Arkansas",071,05,952100
1536.0,1168.0,0.0,910.0,258.0,368.0,"Census Tract 9520, Johnson County, Arkansas",071,05,952000
1812.0,1321.0,25.0,1023.0,273.0,491.0,"Census Tract 9517, Johnson County, Arkansas",071,05,951700
1558.0,1168.0,29.0,810.0,329.0,390.0,"Census Tract 9602, Madison County, Arkansas",087,05,960200
1885.0,1452.0,15.0,1117.0,320.0,433.0,"Census Tract 9518, Johnson County, Arkansas",071,05,951800
1201.0,927.0,0.0,751.0,176.0,274.0,"Census Tract 9519, Johnson County, Arkansas",071,05,951900
1820.0,1195.0,26.0,926.0,243.0,625.0,"Census Tract 9603, Madison County, Arkansas",087,05,960300
1385.0,1001.0,23.0,814.0,164.0,384.0,"Census Tract 9604, Madison County, Arkansas",087,05,960400
1427.0,1254.0,58.0,992.0,204.0,173.0,"Census Tract 9601, Madison County, Arkansas",087,05,960100
1870.0,1425.0,35.0,938.0,452.0,445.0,"Census Tract 9502, Desha County, Arkansas",041,05,950200
645.0,460.0,0.0,281.0,179.0,185.0,"Census Tract 9501, Desha County, Arkansas",041,05,950100
874.0,704.0,18.0,438.0,248.0,170.0,"Census Tract 9505, Desha County, Arkansas",041,05,950500
688.0,482.0,8.0,286.0,188.0,206.0,"Census Tract 9503, Desha County, Arkansas",041,05,950300
1153.0,751.0,0.0,423.0,328.0,402.0,"Census Tract 9504, Desha County, Arkansas",041,05,950400
1722.0,1395.0,8.0,1113.0,274.0,327.0,"Census Tract 9502, Howard County, Arkansas",061,05,950200
1430.0,1104.0,23.0,881.0,200.0,326.0,"Census Tract 9501, Howard County, Arkansas",061,05,950100
1890.0,1385.0,0.0,1025.0,360.0,505.0,"Census Tract 9503, Howard County, Arkansas",061,05,950300
1459.0,987.0,38.0,646.0,303.0,472.0,"Census Tract 106, Garland County, Arkansas",051,05,010600
946.0,712.0,0.0,635.0,77.0,234.0,"Census Tract 115, Garland County, Arkansas",051,05,011500
2189.0,1801.0,0.0,1666.0,135.0,388.0,"Census Tract 116.01, Garland County, Arkansas",051,05,011601
2309.0,1897.0,13.0,1703.0,181.0,412.0,"Census Tract 117, Garland County, Arkansas",051,05,011700
2433.0,2186.0,52.0,1943.0,191.0,247.0,"Census Tract 119, Garland County, Arkansas",051,05,011900
2192.0,1877.0,0.0,1679.0,198.0,315.0,"Census Tract 105, Garland County, Arkansas",051,05,010500
1122.0,873.0,9.0,733.0,131.0,249.0,"Census Tract 108, Garland County, Arkansas",051,05,010800
2167.0,1882.0,38.0,1508.0,336.0,285.0,"Census Tract 118, Garland County, Arkansas",051,05,011800
1887.0,1698.0,15.0,1537.0,146.0,189.0,"Census Tract 116.02, Garland County, Arkansas",051,05,011602
3325.0,3085.0,51.0,2667.0,367.0,240.0,"Census Tract 112, Garland County, Arkansas",051,05,011200
1330.0,1011.0,0.0,836.0,175.0,319.0,"Census Tract 114, Garland County, Arkansas",051,05,011400
1571.0,1205.0,0.0,982.0,223.0,366.0,"Census Tract 109, Garland County, Arkansas",051,05,010900
2149.0,1755.0,0.0,1500.0,255.0,394.0,"Census Tract 110, Garland County, Arkansas",051,05,011000
2155.0,1686.0,61.0,1319.0,306.0,469.0,"Census Tract 103, Garland County, Arkansas",051,05,010300
833.0,548.0,0.0,462.0,86.0,285.0,"Census Tract 107, Garland County, Arkansas",051,05,010700
3388.0,2842.0,24.0,2396.0,422.0,546.0,"Census Tract 111, Garland County, Arkansas",051,05,011100
2877.0,2634.0,36.0,2268.0,330.0,243.0,"Census Tract 104, Garland County, Arkansas",051,05,010400
1766.0,1498.0,16.0,1235.0,247.0,268.0,"Census Tract 113, Garland County, Arkansas",051,05,011300
729.0,491.0,0.0,341.0,150.0,238.0,"Census Tract 101, Mississippi County, Arkansas",093,05,010100
1176.0,726.0,0.0,573.0,153.0,450.0,"Census Tract 103, Mississippi County, Arkansas",093,05,010300
2670.0,2068.0,28.0,1573.0,467.0,602.0,"Census Tract 108, Mississippi County, Arkansas",093,05,010800
2272.0,1941.0,0.0,1559.0,382.0,331.0,"Census Tract 102, Mississippi County, Arkansas",093,05,010200
2397.0,2116.0,16.0,1721.0,379.0,281.0,"Census Tract 106, Mississippi County, Arkansas",093,05,010600
1612.0,1358.0,0.0,1062.0,296.0,254.0,"Census Tract 107, Mississippi County, Arkansas",093,05,010700
789.0,557.0,7.0,353.0,197.0,232.0,"Census Tract 113, Mississippi County, Arkansas",093,05,011300
758.0,548.0,1.0,410.0,137.0,210.0,"Census Tract 109, Mississippi County, Arkansas",093,05,010900
1141.0,916.0,19.0,686.0,211.0,225.0,"Census Tract 111, Mississippi County, Arkansas",093,05,011100
751.0,587.0,0.0,457.0,130.0,164.0,"Census Tract 112, Mississippi County, Arkansas",093,05,011200
1928.0,1331.0,0.0,943.0,388.0,597.0,"Census Tract 110, Mississippi County, Arkansas",093,05,011000
2629.0,2139.0,45.0,1761.0,333.0,490.0,"Census Tract 9509, Pope County, Arkansas",115,05,950900
3351.0,2800.0,40.0,2384.0,376.0,551.0,"Census Tract 9512, Pope County, Arkansas",115,05,951200
2874.0,2522.0,0.0,1984.0,538.0,352.0,"Census Tract 9513, Pope County, Arkansas",115,05,951300
2868.0,2401.0,34.0,1946.0,421.0,467.0,"Census Tract 9516, Pope County, Arkansas",115,05,951600
1647.0,1284.0,26.0,997.0,261.0,363.0,"Census Tract 9510, Pope County, Arkansas",115,05,951000
1696.0,1373.0,35.0,1129.0,209.0,323.0,"Census Tract 9508, Pope County, Arkansas",115,05,950800
2804.0,2384.0,0.0,1900.0,484.0,420.0,"Census Tract 9515.02, Pope County, Arkansas",115,05,951502
1206.0,1191.0,0.0,1101.0,90.0,15.0,"Census Tract 9515.01, Pope County, Arkansas",115,05,951501
1448.0,1065.0,23.0,750.0,292.0,383.0,"Census Tract 9507, Pope County, Arkansas",115,05,950700
1084.0,954.0,0.0,786.0,168.0,130.0,"Census Tract 9514, Pope County, Arkansas",115,05,951400
1540.0,1146.0,0.0,906.0,240.0,394.0,"Census Tract 9511, Pope County, Arkansas",115,05,951100
1570.0,1202.0,16.0,962.0,224.0,368.0,"Census Tract 9502, Union County, Arkansas",139,05,950200
2075.0,1483.0,9.0,1222.0,252.0,592.0,"Census Tract 9507, Union County, Arkansas",139,05,950700
1549.0,1147.0,0.0,911.0,236.0,402.0,"Census Tract 9506, Union County, Arkansas",139,05,950600
958.0,763.0,0.0,639.0,124.0,195.0,"Census Tract 9503, Union County, Arkansas",139,05,950300
2320.0,1687.0,15.0,1439.0,233.0,633.0,"Census Tract 9504, Union County, Arkansas",139,05,950400
2527.0,2016.0,0.0,1746.0,270.0,511.0,"Census Tract 9505, Union County, Arkansas",139,05,950500
1393.0,778.0,0.0,559.0,219.0,615.0,"Census Tract 9501, Union County, Arkansas",139,05,950100
819.0,479.0,0.0,394.0,85.0,340.0,"Census Tract 9509, Union County, Arkansas",139,05,950900
1494.0,832.0,8.0,637.0,187.0,662.0,"Census Tract 9510, Union County, Arkansas",139,05,951000
1484.0,1173.0,10.0,1051.0,112.0,311.0,"Census Tract 9508, Union County, Arkansas",139,05,950800
1414.0,1071.0,32.0,699.0,340.0,343.0,"Census Tract 9702, Cleveland County, Arkansas",025,05,970200
1878.0,1516.0,27.0,1036.0,453.0,362.0,"Census Tract 9701, Cleveland County, Arkansas",025,05,970100
1382.0,980.0,31.0,773.0,176.0,402.0,"Census Tract 9501, Stone County, Arkansas",137,05,950100
1756.0,1480.0,19.0,1207.0,254.0,276.0,"Census Tract 104.02, Washington County, Arkansas",143,05,010402
2753.0,2427.0,62.0,1911.0,454.0,326.0,"Census Tract 104.03, Washington County, Arkansas",143,05,010403
1770.0,1302.0,10.0,931.0,361.0,468.0,"Census Tract 9537, Clark County, Arkansas",019,05,953700
1673.0,1151.0,0.0,874.0,277.0,522.0,"Census Tract 9538, Clark County, Arkansas",019,05,953800
2184.0,1611.0,0.0,1175.0,436.0,573.0,"Census Tract 9539, Clark County, Arkansas",019,05,953900
608.0,368.0,0.0,280.0,88.0,240.0,"Census Tract 9504, Bradley County, Arkansas",011,05,950400
855.0,683.0,2.0,613.0,68.0,172.0,"Census Tract 9502, Bradley County, Arkansas",011,05,950200
1075.0,839.0,0.0,596.0,243.0,236.0,"Census Tract 9501, Bradley County, Arkansas",011,05,950100
889.0,546.0,6.0,437.0,103.0,343.0,"Census Tract 9503, Bradley County, Arkansas",011,05,950300
1139.0,870.0,13.0,578.0,279.0,269.0,"Census Tract 9505, Bradley County, Arkansas",011,05,950500
799.0,543.0,5.0,408.0,130.0,256.0,"Census Tract 9505, Polk County, Arkansas",113,05,950500
1025.0,633.0,2.0,424.0,207.0,392.0,"Census Tract 9502, Monroe County, Arkansas",095,05,950200
857.0,601.0,13.0,441.0,147.0,256.0,"Census Tract 9503, Monroe County, Arkansas",095,05,950300
1446.0,991.0,10.0,669.0,312.0,455.0,"Census Tract 9501, Monroe County, Arkansas",095,05,950100
2431.0,2015.0,64.0,1420.0,531.0,416.0,"Census Tract 9502, Polk County, Arkansas",113,05,950200
1564.0,1148.0,27.0,782.0,339.0,416.0,"Census Tract 9501, Polk County, Arkansas",113,05,950100
922.0,755.0,3.0,637.0,115.0,167.0,"Census Tract 9506, Polk County, Arkansas",113,05,950600
1111.0,856.0,38.0,709.0,109.0,255.0,"Census Tract 9503, Polk County, Arkansas",113,05,950300
1231.0,914.0,0.0,784.0,130.0,317.0,"Census Tract 9504, Polk County, Arkansas",113,05,950400
907.0,713.0,5.0,562.0,146.0,194.0,"Census Tract 9504, Conway County, Arkansas",029,05,950400
1093.0,800.0,43.0,616.0,141.0,293.0,"Census Tract 9505, Conway County, Arkansas",029,05,950500
2026.0,1476.0,0.0,989.0,487.0,550.0,"Census Tract 9501, Conway County, Arkansas",029,05,950100
1328.0,898.0,35.0,616.0,247.0,430.0,"Census Tract 9502, Conway County, Arkansas",029,05,950200
815.0,599.0,3.0,499.0,97.0,216.0,"Census Tract 9506, Conway County, Arkansas",029,05,950600
2016.0,1587.0,0.0,1075.0,512.0,429.0,"Census Tract 9503, Conway County, Arkansas",029,05,950300
2171.0,1584.0,60.0,1132.0,392.0,587.0,"Census Tract 9503, Ouachita County, Arkansas",103,05,950300
2093.0,1436.0,24.0,1203.0,209.0,657.0,"Census Tract 9501, Ouachita County, Arkansas",103,05,950100
1222.0,676.0,10.0,522.0,144.0,546.0,"Census Tract 9502, Ouachita County, Arkansas",103,05,950200
1355.0,923.0,11.0,812.0,100.0,432.0,"Census Tract 9504, Ouachita County, Arkansas",103,05,950400
1508.0,1111.0,22.0,856.0,233.0,397.0,"Census Tract 9505, Ouachita County, Arkansas",103,05,950500
1667.0,915.0,0.0,759.0,156.0,752.0,"Census Tract 9506, Ouachita County, Arkansas",103,05,950600
2329.0,1916.0,65.0,1447.0,404.0,413.0,"Census Tract 301.02, Little River County, Arkansas",081,05,030102
1103.0,877.0,23.0,705.0,149.0,226.0,"Census Tract 303, Little River County, Arkansas",081,05,030300
810.0,588.0,0.0,508.0,80.0,222.0,"Census Tract 301.01, Little River County, Arkansas",081,05,030101
1058.0,770.0,24.0,572.0,174.0,288.0,"Census Tract 302, Little River County, Arkansas",081,05,030200
2737.0,2625.0,0.0,2524.0,101.0,112.0,"Census Tract 201.01, Lonoke County, Arkansas",085,05,020101
1091.0,795.0,12.0,683.0,100.0,296.0,"Census Tract 204, Lonoke County, Arkansas",085,05,020400
477.0,337.0,2.0,196.0,139.0,140.0,"Census Tract 208, Lonoke County, Arkansas",085,05,020800
2646.0,2374.0,32.0,2046.0,296.0,272.0,"Census Tract 201.04, Lonoke County, Arkansas",085,05,020104
1335.0,1041.0,19.0,870.0,152.0,294.0,"Census Tract 203.02, Lonoke County, Arkansas",085,05,020302
2132.0,1976.0,0.0,1800.0,176.0,156.0,"Census Tract 201.03, Lonoke County, Arkansas",085,05,020103
1121.0,835.0,9.0,612.0,214.0,286.0,"Census Tract 207, Lonoke County, Arkansas",085,05,020700
1293.0,1190.0,0.0,1104.0,86.0,103.0,"Census Tract 202.01, Lonoke County, Arkansas",085,05,020201
624.0,430.0,0.0,307.0,123.0,194.0,"Census Tract 206, Lonoke County, Arkansas",085,05,020600
1658.0,1443.0,23.0,1151.0,269.0,215.0,"Census Tract 205, Lonoke County, Arkansas",085,05,020500
2193.0,1870.0,0.0,1574.0,296.0,323.0,"Census Tract 202.04, Lonoke County, Arkansas",085,05,020204
1594.0,1135.0,0.0,971.0,164.0,459.0,"Census Tract 202.02, Lonoke County, Arkansas",085,05,020202
2331.0,2098.0,22.0,1784.0,292.0,233.0,"Census Tract 201.02, Lonoke County, Arkansas",085,05,020102
1421.0,1143.0,0.0,982.0,161.0,278.0,"Census Tract 203.01, Lonoke County, Arkansas",085,05,020301
1291.0,1092.0,8.0,839.0,245.0,199.0,"Census Tract 9501, Carroll County, Arkansas",015,05,950100
2559.0,1807.0,33.0,1428.0,346.0,752.0,"Census Tract 9505, Carroll County, Arkansas",015,05,950500
1637.0,1354.0,49.0,933.0,372.0,283.0,"Census Tract 9504, Carroll County, Arkansas",015,05,950400
2864.0,2572.0,53.0,1966.0,553.0,292.0,"Census Tract 9502, Carroll County, Arkansas",015,05,950200
2481.0,1888.0,48.0,1545.0,295.0,593.0,"Census Tract 9503, Carroll County, Arkansas",015,05,950300
3180.0,2673.0,101.0,2293.0,279.0,507.0,"Census Tract 210, Miller County, Arkansas",091,05,021000
791.0,604.0,0.0,480.0,124.0,187.0,"Census Tract 204, Miller County, Arkansas",091,05,020400
1191.0,968.0,0.0,809.0,159.0,223.0,"Census Tract 202, Miller County, Arkansas",091,05,020200
1722.0,1469.0,0.0,1216.0,253.0,253.0,"Census Tract 201, Miller County, Arkansas",091,05,020100
3313.0,2834.0,0.0,2498.0,336.0,479.0,"Census Tract 209, Miller County, Arkansas",091,05,020900
914.0,638.0,0.0,510.0,128.0,276.0,"Census Tract 205, Miller County, Arkansas",091,05,020500
813.0,547.0,8.0,438.0,101.0,266.0,"Census Tract 206, Miller County, Arkansas",091,05,020600
1524.0,1502.0,3.0,1176.0,323.0,22.0,"Census Tract 213.08, Benton County, Arkansas",007,05,021308
1250.0,1178.0,0.0,942.0,236.0,72.0,"Census Tract 202.03, Benton County, Arkansas",007,05,020203
1563.0,1541.0,0.0,1183.0,358.0,22.0,"Census Tract 213.06, Benton County, Arkansas",007,05,021306
1328.0,1300.0,19.0,920.0,361.0,28.0,"Census Tract 204.05, Benton County, Arkansas",007,05,020405
1718.0,1456.0,12.0,815.0,629.0,262.0,"Census Tract 214.08, Benton County, Arkansas",007,05,021408
1944.0,1722.0,8.0,1177.0,537.0,222.0,"Census Tract 214.07, Benton County, Arkansas",007,05,021407
1873.0,1684.0,0.0,1052.0,632.0,189.0,"Census Tract 214.06, Benton County, Arkansas",007,05,021406
2138.0,1912.0,10.0,833.0,1069.0,226.0,"Census Tract 202.06, Benton County, Arkansas",007,05,020206
1667.0,1436.0,0.0,851.0,585.0,231.0,"Census Tract 204.04, Benton County, Arkansas",007,05,020404
878.0,797.0,0.0,634.0,163.0,81.0,"Census Tract 214.09, Benton County, Arkansas",007,05,021409
861.0,707.0,0.0,484.0,223.0,154.0,"Census Tract 214.05, Benton County, Arkansas",007,05,021405
1958.0,1782.0,0.0,1428.0,354.0,176.0,"Census Tract 207.03, Benton County, Arkansas",007,05,020703
968.0,764.0,12.0,562.0,190.0,204.0,"Census Tract 104.09, Saline County, Arkansas",125,05,010409
2945.0,2246.0,49.0,1345.0,852.0,699.0,"Census Tract 9502.02, Stone County, Arkansas",137,05,950202
1607.0,1072.0,45.0,791.0,236.0,535.0,"Census Tract 1802, Newton County, Arkansas",101,05,180200
2741.0,2552.0,0.0,2421.0,131.0,189.0,"Census Tract 8.01, Craighead County, Arkansas",031,05,000801
2688.0,2425.0,0.0,2208.0,217.0,263.0,"Census Tract 5.01, Craighead County, Arkansas",031,05,000501
404.0,260.0,4.0,164.0,92.0,144.0,"Census Tract 25, Jefferson County, Arkansas",069,05,002500
1647.0,1230.0,9.0,958.0,263.0,417.0,"Census Tract 4703, Sharp County, Arkansas",135,05,470300
1562.0,1378.0,16.0,973.0,389.0,184.0,"Census Tract 24, Jefferson County, Arkansas",069,05,002400
1064.0,819.0,0.0,701.0,118.0,245.0,"Census Tract 9523.02, Yell County, Arkansas",149,05,952302
818.0,547.0,6.0,376.0,165.0,271.0,"Census Tract 4701, Sharp County, Arkansas",135,05,470100
2429.0,1883.0,3.0,1499.0,381.0,546.0,"Census Tract 4702, Sharp County, Arkansas",135,05,470200
1145.0,947.0,16.0,825.0,106.0,198.0,"Census Tract 4905, Independence County, Arkansas",063,05,490500
2582.0,2240.0,50.0,1781.0,409.0,342.0,"Census Tract 4907, Independence County, Arkansas",063,05,490700
1793.0,1333.0,44.0,980.0,309.0,460.0,"Census Tract 4908, Independence County, Arkansas",063,05,490800
1020.0,809.0,15.0,528.0,266.0,211.0,"Census Tract 4906, Independence County, Arkansas",063,05,490600
1773.0,1421.0,0.0,1057.0,364.0,352.0,"Census Tract 4904, Independence County, Arkansas",063,05,490400
2330.0,1895.0,0.0,1544.0,351.0,435.0,"Census Tract 4903, Independence County, Arkansas",063,05,490300
1115.0,975.0,11.0,723.0,241.0,140.0,"Census Tract 4902, Independence County, Arkansas",063,05,490200
2530.0,1873.0,72.0,1456.0,345.0,657.0,"Census Tract 4901, Independence County, Arkansas",063,05,490100
1231.0,728.0,13.0,618.0,97.0,503.0,"Census Tract 4902, Woodruff County, Arkansas",147,05,490200
1643.0,1028.0,1.0,835.0,192.0,615.0,"Census Tract 4901, Woodruff County, Arkansas",147,05,490100
2402.0,1910.0,22.0,1402.0,486.0,492.0,"Census Tract 4704, Sharp County, Arkansas",135,05,470400
2876.0,2674.0,42.0,2460.0,172.0,202.0,"Census Tract 49, Pulaski County, Arkansas",119,05,004900
749.0,633.0,0.0,480.0,153.0,116.0,"Census Tract 32.07, Pulaski County, Arkansas",119,05,003207
1710.0,1363.0,0.0,1172.0,191.0,347.0,"Census Tract 21.03, Pulaski County, Arkansas",119,05,002103
3088.0,2111.0,31.0,1898.0,182.0,977.0,"Census Tract 24.08, Pulaski County, Arkansas",119,05,002408
1009.0,918.0,0.0,800.0,118.0,91.0,"Census Tract 22.08, Pulaski County, Arkansas",119,05,002208
1690.0,1210.0,32.0,937.0,241.0,480.0,"Census Tract 4905, Drew County, Arkansas",043,05,490500
2143.0,1835.0,9.0,1607.0,219.0,308.0,"Census Tract 4903, Drew County, Arkansas",043,05,490300
803.0,551.0,8.0,413.0,130.0,252.0,"Census Tract 4901, Drew County, Arkansas",043,05,490100
1849.0,1571.0,0.0,1407.0,164.0,278.0,"Census Tract 9536.01, Clark County, Arkansas",019,05,953601
614.0,479.0,0.0,438.0,41.0,135.0,"Census Tract 4802.01, Cleburne County, Arkansas",023,05,480201
1591.0,1287.0,16.0,1027.0,244.0,304.0,"Census Tract 4805.02, Cleburne County, Arkansas",023,05,480502
1728.0,1255.0,5.0,1098.0,152.0,473.0,"Census Tract 4802.02, Cleburne County, Arkansas",023,05,480202
1791.0,1315.0,0.0,1066.0,249.0,476.0,"Census Tract 4801, Cleburne County, Arkansas",023,05,480100
1662.0,1401.0,0.0,1194.0,207.0,261.0,"Census Tract 4804, Cleburne County, Arkansas",023,05,480400
1138.0,757.0,24.0,589.0,144.0,381.0,"Census Tract 4702, Lafayette County, Arkansas",073,05,470200
2195.0,1799.0,11.0,1531.0,257.0,396.0,"Census Tract 4803, Cleburne County, Arkansas",023,05,480300
1193.0,855.0,24.0,663.0,168.0,338.0,"Census Tract 803, Chicot County, Arkansas",017,05,080300
1064.0,658.0,0.0,499.0,159.0,406.0,"Census Tract 804, Chicot County, Arkansas",017,05,080400
932.0,584.0,0.0,508.0,76.0,348.0,"Census Tract 802, Chicot County, Arkansas",017,05,080200
1134.0,973.0,16.0,728.0,229.0,161.0,"Census Tract 801, Chicot County, Arkansas",017,05,080100
2223.0,2017.0,0.0,1812.0,205.0,206.0,"Census Tract 120.01, Garland County, Arkansas",051,05,012001
1741.0,1596.0,35.0,1389.0,172.0,145.0,"Census Tract 120.02, Garland County, Arkansas",051,05,012002
835.0,576.0,14.0,459.0,103.0,259.0,"Census Tract 9502, Clay County, Arkansas",021,05,950200
1390.0,992.0,0.0,811.0,181.0,398.0,"Census Tract 9504, Clay County, Arkansas",021,05,950400
842.0,657.0,2.0,485.0,170.0,185.0,"Census Tract 9503, Clay County, Arkansas",021,05,950300
778.0,603.0,6.0,486.0,111.0,175.0,"Census Tract 9501, Clay County, Arkansas",021,05,950100
846.0,620.0,0.0,511.0,109.0,226.0,"Census Tract 9505, Clay County, Arkansas",021,05,950500
1448.0,1228.0,0.0,1103.0,125.0,220.0,"Census Tract 9506, Cross County, Arkansas",037,05,950600
1737.0,1261.0,0.0,1016.0,245.0,476.0,"Census Tract 9506, Clay County, Arkansas",021,05,950600
592.0,289.0,3.0,251.0,35.0,303.0,"Census Tract 9501, Cross County, Arkansas",037,05,950100
1712.0,1229.0,20.0,990.0,219.0,483.0,"Census Tract 9505, Cross County, Arkansas",037,05,950500
612.0,448.0,6.0,296.0,146.0,164.0,"Census Tract 9503, Cross County, Arkansas",037,05,950300
1015.0,810.0,0.0,709.0,101.0,205.0,"Census Tract 9504, Cross County, Arkansas",037,05,950400
1347.0,917.0,2.0,787.0,128.0,430.0,"Census Tract 9502, Cross County, Arkansas",037,05,950200
746.0,547.0,14.0,385.0,148.0,199.0,"Census Tract 9702, Dallas County, Arkansas",039,05,970200
599.0,435.0,7.0,300.0,128.0,164.0,"Census Tract 9701, Dallas County, Arkansas",039,05,970100
1799.0,1293.0,0.0,957.0,336.0,506.0,"Census Tract 9703, Dallas County, Arkansas",039,05,970300
1797.0,1281.0,0.0,991.0,290.0,516.0,"Census Tract 9503, Columbia County, Arkansas",027,05,950300
1820.0,1371.0,13.0,996.0,362.0,449.0,"Census Tract 9502, Columbia County, Arkansas",027,05,950200
2490.0,2151.0,48.0,1665.0,438.0,339.0,"Census Tract 9504, Columbia County, Arkansas",027,05,950400
1525.0,865.0,0.0,709.0,156.0,660.0,"Census Tract 9505, Columbia County, Arkansas",027,05,950500
1705.0,1132.0,12.0,989.0,131.0,573.0,"Census Tract 9501, Columbia County, Arkansas",027,05,950100
1800.0,1266.0,40.0,923.0,303.0,534.0,"Census Tract 9601, Randolph County, Arkansas",121,05,960100
2371.0,1708.0,49.0,1466.0,193.0,663.0,"Census Tract 9602, Randolph County, Arkansas",121,05,960200
2073.0,1769.0,17.0,1538.0,214.0,304.0,"Census Tract 104.06, Saline County, Arkansas",125,05,010406
2064.0,1755.0,16.0,1541.0,198.0,309.0,"Census Tract 105.03, Saline County, Arkansas",125,05,010503
1462.0,1334.0,0.0,1248.0,86.0,128.0,"Census Tract 103.03, Saline County, Arkansas",125,05,010303
2809.0,2447.0,0.0,2312.0,135.0,362.0,"Census Tract 104.04, Saline County, Arkansas",125,05,010404
1117.0,867.0,10.0,735.0,122.0,250.0,"Census Tract 105.07, Saline County, Arkansas",125,05,010507
1522.0,1365.0,9.0,1240.0,116.0,157.0,"Census Tract 103.01, Saline County, Arkansas",125,05,010301
3272.0,2788.0,0.0,2525.0,263.0,484.0,"Census Tract 101.02, Saline County, Arkansas",125,05,010102
1578.0,1511.0,20.0,1192.0,299.0,67.0,"Census Tract 104.07, Saline County, Arkansas",125,05,010407
3781.0,3247.0,23.0,2775.0,449.0,534.0,"Census Tract 101.03, Saline County, Arkansas",125,05,010103
1626.0,1511.0,0.0,1331.0,180.0,115.0,"Census Tract 104.05, Saline County, Arkansas",125,05,010405
1550.0,1354.0,0.0,1050.0,304.0,196.0,"Census Tract 105.08, Saline County, Arkansas",125,05,010508
1145.0,1035.0,8.0,917.0,110.0,110.0,"Census Tract 105.12, Saline County, Arkansas",125,05,010512
1342.0,1162.0,0.0,962.0,200.0,180.0,"Census Tract 103.02, Saline County, Arkansas",125,05,010302
1645.0,1425.0,11.0,1236.0,178.0,220.0,"Census Tract 101.01, Saline County, Arkansas",125,05,010101
3455.0,3171.0,16.0,2876.0,279.0,284.0,"Census Tract 105.06, Saline County, Arkansas",125,05,010506
3484.0,3129.0,17.0,2881.0,231.0,355.0,"Census Tract 105.10, Saline County, Arkansas",125,05,010510
1870.0,1781.0,0.0,1555.0,226.0,89.0,"Census Tract 105.11, Saline County, Arkansas",125,05,010511
1587.0,1418.0,0.0,1309.0,109.0,169.0,"Census Tract 105.09, Saline County, Arkansas",125,05,010509
1020.0,877.0,0.0,560.0,317.0,143.0,"Census Tract 9603, Izard County, Arkansas",065,05,960300
1448.0,1129.0,37.0,740.0,352.0,319.0,"Census Tract 9601, Izard County, Arkansas",065,05,960100
939.0,769.0,32.0,555.0,182.0,170.0,"Census Tract 9604, Izard County, Arkansas",065,05,960400
1782.0,1468.0,3.0,1087.0,378.0,314.0,"Census Tract 9602, Izard County, Arkansas",065,05,960200
1609.0,1295.0,4.0,1131.0,160.0,314.0,"Census Tract 9501, Logan County, Arkansas",083,05,950100
1065.0,734.0,0.0,527.0,207.0,331.0,"Census Tract 9603, Lincoln County, Arkansas",079,05,960300
866.0,610.0,0.0,487.0,123.0,256.0,"Census Tract 9605, Lincoln County, Arkansas",079,05,960500
1239.0,977.0,12.0,835.0,130.0,262.0,"Census Tract 9604, Lincoln County, Arkansas",079,05,960400
950.0,735.0,20.0,588.0,127.0,215.0,"Census Tract 9506, Logan County, Arkansas",083,05,950600
1348.0,1107.0,19.0,946.0,142.0,241.0,"Census Tract 9502, Logan County, Arkansas",083,05,950200
1501.0,1151.0,25.0,905.0,221.0,350.0,"Census Tract 9503, Logan County, Arkansas",083,05,950300
1289.0,943.0,4.0,743.0,196.0,346.0,"Census Tract 9504, Logan County, Arkansas",083,05,950400
1572.0,1329.0,8.0,1074.0,247.0,243.0,"Census Tract 9505, Logan County, Arkansas",083,05,950500
806.0,502.0,0.0,451.0,51.0,304.0,"Census Tract 301.01, Crittenden County, Arkansas",035,05,030101
2337.0,2011.0,0.0,1684.0,327.0,326.0,"Census Tract 302.01, Crittenden County, Arkansas",035,05,030201
1067.0,707.0,7.0,550.0,150.0,360.0,"Census Tract 301.02, Crittenden County, Arkansas",035,05,030102
360.0,221.0,0.0,132.0,89.0,139.0,"Census Tract 305.02, Crittenden County, Arkansas",035,05,030502
980.0,751.0,9.0,614.0,128.0,229.0,"Census Tract 311, Crittenden County, Arkansas",035,05,031100
307.0,179.0,0.0,144.0,35.0,128.0,"Census Tract 305.01, Crittenden County, Arkansas",035,05,030501
1036.0,689.0,0.0,570.0,119.0,347.0,"Census Tract 303.02, Crittenden County, Arkansas",035,05,030302
630.0,468.0,9.0,375.0,84.0,162.0,"Census Tract 310, Crittenden County, Arkansas",035,05,031000
1333.0,1070.0,0.0,957.0,113.0,263.0,"Census Tract 302.02, Crittenden County, Arkansas",035,05,030202
1788.0,1262.0,10.0,1048.0,204.0,526.0,"Census Tract 306, Crittenden County, Arkansas",035,05,030600
1256.0,1009.0,0.0,830.0,179.0,247.0,"Census Tract 303.01, Crittenden County, Arkansas",035,05,030301
1499.0,1034.0,0.0,709.0,325.0,465.0,"Census Tract 9606, St. Francis County, Arkansas",123,05,960600
1209.0,706.0,8.0,503.0,195.0,503.0,"Census Tract 9601, St. Francis County, Arkansas",123,05,960100
1589.0,1060.0,7.0,758.0,295.0,529.0,"Census Tract 9604, St. Francis County, Arkansas",123,05,960400
1083.0,654.0,3.0,430.0,221.0,429.0,"Census Tract 9603, St. Francis County, Arkansas",123,05,960300
2634.0,1887.0,2.0,1358.0,527.0,747.0,"Census Tract 9602, St. Francis County, Arkansas",123,05,960200
934.0,467.0,0.0,229.0,238.0,467.0,"Census Tract 28, Pulaski County, Arkansas",119,05,002800
1311.0,1022.0,34.0,679.0,309.0,289.0,"Census Tract 9605, St. Francis County, Arkansas",123,05,960500
241.0,183.0,0.0,156.0,27.0,58.0,"Census Tract 2, Pulaski County, Arkansas",119,05,000200
774.0,511.0,11.0,339.0,161.0,263.0,"Census Tract 11, Pulaski County, Arkansas",119,05,001100
361.0,201.0,0.0,141.0,60.0,160.0,"Census Tract 12, Pulaski County, Arkansas",119,05,001200
2254.0,1922.0,15.0,1484.0,423.0,332.0,"Census Tract 20.01, Pulaski County, Arkansas",119,05,002001
1655.0,1228.0,18.0,855.0,355.0,427.0,"Census Tract 20.02, Pulaski County, Arkansas",119,05,002002
2572.0,2265.0,57.0,1916.0,292.0,307.0,"Census Tract 34.02, Pulaski County, Arkansas",119,05,003402
1542.0,1260.0,8.0,1064.0,188.0,282.0,"Census Tract 36.09, Pulaski County, Arkansas",119,05,003609
1480.0,1301.0,52.0,1161.0,88.0,179.0,"Census Tract 39, Pulaski County, Arkansas",119,05,003900
1278.0,992.0,17.0,787.0,188.0,286.0,"Census Tract 40.04, Pulaski County, Arkansas",119,05,004004
1085.0,855.0,0.0,556.0,299.0,230.0,"Census Tract 41.07, Pulaski County, Arkansas",119,05,004107
1671.0,1548.0,19.0,1127.0,402.0,123.0,"Census Tract 36.05, Pulaski County, Arkansas",119,05,003605
762.0,611.0,30.0,497.0,84.0,151.0,"Census Tract 41.04, Pulaski County, Arkansas",119,05,004104
959.0,886.0,11.0,666.0,209.0,73.0,"Census Tract 42.01, Pulaski County, Arkansas",119,05,004201
2026.0,1489.0,16.0,1236.0,237.0,537.0,"Census Tract 43.02, Pulaski County, Arkansas",119,05,004302
1098.0,796.0,0.0,599.0,197.0,302.0,"Census Tract 5, Pulaski County, Arkansas",119,05,000500
1756.0,1473.0,10.0,1213.0,250.0,283.0,"Census Tract 21.02, Pulaski County, Arkansas",119,05,002102
2678.0,2234.0,14.0,1925.0,295.0,444.0,"Census Tract 22.03, Pulaski County, Arkansas",119,05,002203
1618.0,1390.0,0.0,1221.0,169.0,228.0,"Census Tract 37.04, Pulaski County, Arkansas",119,05,003704
2498.0,1837.0,0.0,1344.0,493.0,661.0,"Census Tract 27, Pulaski County, Arkansas",119,05,002700
2560.0,2268.0,0.0,2109.0,159.0,292.0,"Census Tract 33.04, Pulaski County, Arkansas",119,05,003304
2510.0,2166.0,19.0,1998.0,149.0,344.0,"Census Tract 36.04, Pulaski County, Arkansas",119,05,003604
1411.0,1229.0,0.0,1137.0,92.0,182.0,"Census Tract 42.02, Pulaski County, Arkansas",119,05,004202
3290.0,3066.0,37.0,2756.0,273.0,224.0,"Census Tract 42.07, Pulaski County, Arkansas",119,05,004207
1529.0,1239.0,62.0,961.0,216.0,290.0,"Census Tract 24.03, Pulaski County, Arkansas",119,05,002403
2825.0,2638.0,0.0,2428.0,210.0,187.0,"Census Tract 22.04, Pulaski County, Arkansas",119,05,002204
573.0,386.0,4.0,229.0,153.0,187.0,"Census Tract 29, Pulaski County, Arkansas",119,05,002900
1847.0,1684.0,0.0,1462.0,222.0,163.0,"Census Tract 33.03, Pulaski County, Arkansas",119,05,003303
743.0,707.0,0.0,681.0,26.0,36.0,"Census Tract 35, Pulaski County, Arkansas",119,05,003500
